HUC	Watershed	WETLNDSPCT	UINDEX	RIPFOR	AGSL	FORPCT	IMPLCPCT	TOTALP	TOTALN	RDDENS	STRD	NITRATEGW	NITRODEP	SULFURDEP	PARTMAT2.5	PRLOINC	PR0.4	PR65P	PRPOV65	PRAGFM	PRMINE	PCIHUC	POPDENS	POPGROWTH	INDTHPTH	NBLDPM97	NTCMPPLM	OZONEDV	GYPSYMOTH	PSOIL	EDGE65	EDGE2	INT2	TERREXOTIC	MIGSCENARIO	RIPAG	AQUAEXOTIC	AQUANATIVE	AQUATE	TERRNATIVE	TERRTE	DAMS	UVB	FUNGICIDE	HERBICIDE	INSECTICIDE	SOFTCHIPMIL	HARDCHIPMIL	INT250	STRM303DPCT	TRISUMTC	HOUSEBEF79
2040101	UPPER DELAWARE	0.4311	16.5411	79.5046	9.5169	83.0278	2.0396	0.3886	2.9824	14.24156687	0.12451299	0.04904307	8.67326	9.69978	13.4512	0.30657	0.05464	0.17103	0.01483	0.0505	0.0076	20377.40357	36.17241095	0.64533495	5.24849	0.074701909	2.895368873	82.2832	8.00E-07	15.38	80.68009106	24.30801748	70.8726376	13	23.44619365	12.8199193	16	41	0	328	1	0.4232791	2050.15	0.0007	0.0357	0.0076	63732.2723	795367.4947	52.1645	9.34	0	64.39341294
2040102	EAST BRANCH DELAWARE	0.201	6.6375	87.4873	4.039	93.1615	2.2154	0.3176	2.7229	11.85253507	0.16341654	0.013403928	8.39146	9.25178	13.2517	0.30623	0.05396	0.17014	0.01478	0.05322	0.00918	20309.47989	22.78256323	0.31891667	2.66261	0.040084312	2.022140802	82.0671	2.87E-07	5.92	65.36549509	14.03685071	84.19290195	12	26.85351005	7.8695982	12	30	0	317	1	0.9132192	2037.54	0.0101	0.0409	0.0131	129328.0702	1160286.171	NA	NA	NA	NA
2040103	LACKAWAXEN	3.4846	14.8106	75.3175	5.1157	81.7047	2.4834	0.3651	2.8433	18.91872136	0.08820705	0.030166038	9.78227	10.8922	14.1703	0.30505	0.05645	0.17092	0.01543	0.04398	0.00273	20402.66198	83.44443472	2.338057347	3.33678	0.166633986	6.194735725	84.4136	1.98E-06	12.68	87.31594459	32.73316107	61.77533178	12	6	6.2695572	9	31	0	296	1	1.4728921	2087.83	0.002	0.0256	0.0006	-47746.4877	512399.6001	37.2587	0.58	0	59.40496277
2040104	MIDDLE DELAWARE-MONGAUP-BRODHEAD	3.8678	7.9136	80.5904	1.5694	88.2186	3.3859	0.3175	2.6604	20.00661514	0.08512462	0.007779396	10.2348	11.2381	14.2642	0.24876	0.06114	0.13018	0.01037	0.01873	0.00274	21755.77331	132.292986	3.143251825	14.59256	0.259198244	1.243991408	85.5449	3.00E-06	4.41	75.49169026	18.78737686	78.76389003	14	26.38980249	2.4488157	17	48	1	350	2	1.4246766	2110.99	0.0153	0.0385	0.0135	-303313.1573	1598850.942	53.5113	6.46	1315.74	46.79394816
2040105	MIDDLE DELAWARE-MUSCONETCONG	3.6226	42.778	59.3118	7.1992	53.5994	5.0098	0.6457	3.7741	28.26718902	0.14440387	0.221601908	12.1429	16.3763	14.9758	0.16111	0.0642	0.12489	0.00817	0.02016	0.00126	33156.80035	464.2668656	0.946371819	20.74124	0.210912529	0.455414319	90.8244	1.34E-06	33.4	67.4402395	39.26414669	45.85498162	15	15.40115353	14.703361	16	61	2	332	2	1.1253723	2184.17	0.0425	0.3157	0.063	-742785.3767	1409348.581	14.31	15.93	92.28	70.90805693
2040106	LEHIGH	3.5307	32.5564	64.1252	7.5154	63.913	5.4961	0.5521	3.4176	29.0528198	0.11096162	0.096505829	10.8812	13.846	14.9208	0.2366	0.05755	0.15963	0.01169	0.01356	0.00192	26378.96026	450.1064796	0.852309518	21.3913	0.247317465	0.744537507	86.6798	1.21E-06	23.23	68.4576006	26.61834534	64.84659929	14	4	11.5814244	16	40	0	319	1	2.0036306	2157.09	0.0357	0.2204	0.06	-353291.6199	1626295.776	31.8452	4.52	1755.75	73.79482864
2040201	CROSSWICKS-NESHAMINY	5.2286	61.94	52.4233	1.5066	32.8314	11.9509	0.8097	4.2605	41.17599076	0.11528891	0.430125543	12.0245	18.2986	14.9748	0.13856	0.06398	0.12736	0.00678	0.01819	0.00149	33314.34526	1131.817169	0.964202582	8.11347	0.231177933	0.250387617	98.0069	5.73E-07	36.75	32.1445368	47.37025666	20.81072083	15	9.290684937	14.8495506	14	61	1	324	3	1.6524759	2194.24	0.0516	0.2573	0.0377	-334241.3213	226671.7799	0.3715	65.03	448.43	69.52236857
2040202	LOWER DELAWARE	7.223	58.8371	47.1651	1.066	33.9399	20.7303	0.7781	4.1063	58.99070819	0.13187682	0.629364182	11.4565	19.5027	15.2262	0.24011	0.06469	0.13752	0.01403	0.00956	0.00056	27935.40825	2590.534554	0.096090483	42.19613	0.339912823	0.576165361	95.5879	7.30E-07	17	50.70324411	38.1665218	39.20345501	16	10.34252647	4.9384215	16	58	1	323	3	0.4245634	2300.19	0.1291	0.1805	0.0568	-540266.4149	-310874.573	1.6183	13.61	1276.56	91.18038397
2040203	SCHUYLKILL	0.6852	51.1239	60.825	10.8531	48.1909	7.246	0.7025	4.0048	35.00360431	0.17063213	0.307131312	11.6783	15.9898	15.4123	0.2312	0.06273	0.14707	0.01282	0.01568	0.00146	31608.02456	838.7827688	0.571448154	25.75325	0.28449798	0.69703969	91.1379	1.08E-06	37.31	56.619327	36.76609328	44.14170703	13	0	24.094622	16	36	1	317	1	1.3841494	2181.41	0.0398	0.3115	0.0772	-399943.9666	786908.8027	16.3962	12.86	24444.87	80.47187944
2040205	BRANDYWINE-CHRISTINA	4.204	59.326	56.4011	7.3542	36.47	9.2065	0.8449	4.3652	37.28500119	0.14175841	0.300000749	10.9568	17.0986	15.6879	0.15366	0.06693	0.11704	0.00752	0.018	0.00073	35947.40848	948.7964896	1.336282727	14.23287	0.538812493	0.355662607	96.182	7.05E-07	40.33	40.93000068	47.43015763	24.60901196	15	0	17.594421	14	55	1	315	2	1.1616884	2292.45	0.0434	0.4089	0.1212	-238834.9973	35407.038	2.5948	37.34	1084.33	67.63218639
2040206	COHANSEY-MAURICE	18.4157	40.9267	27.5179	0.1191	40.6429	4.2491	0.6191	3.4175	22.78406306	0.05483894	0.715616055	8.45798	13.5881	14.8213	0.25069	0.06179	0.13793	0.01278	0.04133	0.0024	23928.20274	266.3565832	0.505052662	27.14075	0.209766492	0.712658395	95.7064	1.38E-06	30.56	60.97761625	34.72468294	48.9767293	16	16.62614061	6.650331	14	47	1	325	3	0.3590876	2321.98	0.2677	0.3861	0.1188	-132574.3364	101860.8937	NA	NA	NA	NA
2040207	BROADKILL-SMYRNA	24.2471	57.868	13.8033	0.0166	17.4996	2.9364	1.0916	4.6431	18.38344234	0.03843434	0.38293519	8.03942	11.5506	14.2773	0.26569	0.06876	0.13198	0.01065	0.03373	0.00012	22042.90369	223.3354432	1.845922359	13.71049	0.308891312	0.97881979	94.4616	5.29E-08	50.19	35.46478608	45.29199107	34.3334975	14	3	11.844221	6	47	0	297	3	0	2377.95	0.1109	0.9581	0.2261	-22244.8352	-3821.1528	0.3807	22.48	7.89	57.80727789
2050101	UPPER SUSQUEHANNA	0.8169	27.9492	72.3114	12.0307	71.2339	2.2168	0.4813	3.3075	14.75496682	0.09498656	0.155671841	8.11289	9.28854	12.8881	0.29642	0.053	0.15815	0.01254	0.04588	0.0048	21280.10755	70.41275875	-0.063143586	22.24671	0.170110008	1.756170591	80.0394	2.03E-07	25.93	80.05166674	29.26576851	63.3161907	13	19.93445007	21.056444	14	54	0	321	1	0.854346	2014.16	0.0074	0.1046	0.0129	396961.0257	2747357.178	46.7288	5.02	0	66.88097456
2050102	CHENANGO	0.6947	29.2666	73.5892	11.4722	70.0387	2.3318	0.5143	3.4029	14.74158244	0.07589414	0.186894222	8.29839	9.99232	12.9545	0.28439	0.05849	0.14244	0.01173	0.03791	0.00106	21352.50495	88.50129967	-0.229707964	17.45685	0.047173305	1.828977661	79.7257	1.26E-08	26.92	77.56072718	28.19524393	64.04040611	13	19.52960959	21.0737634	12	49	0	316	0	0.5888432	2012.87	0.017	0.1941	0.0306	165643.8929	2582359.111	NA	NA	NA	NA
2050103	OWEGO-WAPPASENING	0.1563	27.7264	79.5094	11.2065	72.1174	3.1834	0.4794	3.3156	16.560931	0.09617966	0.107565713	8.06552	10.0797	13.5151	0.27316	0.05808	0.15217	0.00954	0.02576	0.00217	22751.13084	176.3532163	-0.365369998	17.27067	0.076372015	0.750737545	80.4089	4.30E-07	23.42	78.46687704	27.14515905	65.72229115	13	19.93227551	16.1205297	13	39	0	333	1	0	2044.91	0.0103	0.1351	0.0214	58285.8041	1711600.004	33.8708	1.97	0	72.9053433
2050104	TIOGA	0.1044	33.1094	64.6533	17.2092	66.7862	1.8117	0.5262	3.4729	14.03920731	0.09332004	0.365512253	7.49437	9.88548	13.9003	0.3083	0.05819	0.15463	0.01161	0.06427	0.00159	21169.53972	49.50796	-0.011001926	12.84012	0.14992248	4.178862647	80.8318	6.72E-07	31.73	73.59660912	30.05067732	61.17994755	11	18.55229748	32.140132	9	39	0	308	0	1.8649591	2055.32	0.0376	0.1756	0.0326	-32909.2737	1092060.283	32.8962	7.87	0	72.83459639
2050105	CHEMUNG	0.2461	32.9532	75.4498	12.3627	66.8007	2.8102	0.5495	3.5346	17.76150288	0.09358422	0.217419751	7.48688	9.85666	13.6236	0.29138	0.06038	0.1543	0.00957	0.03496	0.001	22614.95574	126.9575346	-0.252020356	16.8428	0.107099017	1.237589933	80.7527	9.68E-07	29.3	76.22402011	29.44372682	62.15398498	11	18.38275292	18.4380567	10	44	0	324	1	0.4452849	2036.22	0.0461	0.2063	0.0388	-186782.8028	2481186.201	18.2793	4.18	0	74.95927833
2050106	UPPER SUSQUEHANNA-TUNKHANNOCK	0.7684	32.3654	69.5409	16.8976	66.8662	1.8935	0.5312	3.467	15.59959871	0.0945176	0.327614907	8.47309	10.47	14.0615	0.31961	0.05707	0.16074	0.01537	0.05928	0.00928	21260.56129	59.72823371	0.087309419	10.55433	0.100190075	1.818591609	81.4349	1.04E-06	30.88	73.11432686	35.89624214	53.50989895	11	5	22.597484	17	40	0	307	0	0	2083.6	0.0054	0.1038	0.0099	41376.1688	2051207.408	26.6379	2.28	45.12	77.76438383
2050107	UPPER SUSQUEHANNA-LACKAWANNA	0.8684	30.91	73.9626	9.8856	68.2216	5.8648	0.5349	3.4009	23.07739114	0.13552366	0.081917864	9.54152	12.4117	14.6425	0.3399	0.05069	0.1909	0.01941	0.01631	0.00181	23282.81449	323.5386382	-0.220499538	28.41558	0.280285598	0.672005495	83.0493	1.91E-06	21.4	72.28532974	29.4885228	61.89132568	11	4	13.228332	14	38	0	294	0	1.3889974	2103.64	0.0428	0.1872	0.0256	-74488.8472	2283253.325	34.7343	16.64	414.51	84.11689973
2050201	UPPER WEST BRANCH SUSQUEHANNA	0.1775	17.6507	92.5002	5.9481	82.1718	2.3248	0.3469	2.7554	18.57372834	0.067016	0.072360237	10.0718	14.1748	15.1525	0.3521	0.05254	0.172	0.01524	0.02078	0.01552	20672.73497	64.64621523	0.218397419	10.49079	0.085778571	3.012517326	83.4323	2.71E-06	11.43	74.39892211	23.68802478	72.5416137	11	13	3.0156278	10	39	0	285	0	0.588597	2131.48	0.008	0.0745	0.0128	-39063.8233	1236598.445	53.1375	10.16	0	79.52958954
2050202	SINNEMAHONING	0.0753	3.3757	95.8757	1.4118	96.5491	2.0717	0.2724	2.5686	9.92682727	0.08691293	0.027731606	8.81456	12.3185	14.6686	0.30755	0.05413	0.18025	0.01255	0.01658	0.00536	22761.55427	16.58665993	0.215389863	14.9302	0.055719342	10.37946411	82.1739	2.63E-06	2.56	54.86742959	7.896774856	91.45162875	11	19	2.7654148	7	32	0	289	0	0.4377597	2083.62	0.0051	0.0161	0.0029	-75982.6034	1644553.821	85.9067	8.07	0	77.68180698
2050203	MIDDLE WEST BRANCH SUSQUEHANNA	0.0995	5.1395	95.1995	1.838	94.761	2.2019	0.2854	2.5976	11.00678259	0.07564261	0.04266865	8.81415	11.6554	14.609	0.31672	0.05449	0.16783	0.01374	0.03508	0.00074	19551.18047	25.43105985	0.19255077	6.75788	0.047515814	15.61954138	79.5925	2.61E-06	3.46	52.90490396	9.565532271	89.35903379	11	17	4.0136735	9	31	0	279	1	0.7050163	2088.18	0.0194	0.0556	0.0174	-26707.7546	773152.9572	81.8348	5.79	0	78.65745958
2050204	BALD EAGLE	0.2168	29.1196	69.2697	9.1069	70.6637	2.9525	0.5179	3.3722	16.50344273	0.13078878	0.312563602	9.34019	12.4958	14.9684	0.29361	0.04719	0.11153	0.00671	0.02438	0.00128	22414.81269	162.3388956	0.772489031	12.99236	0.300302793	1.021771749	80.5	2.88E-06	24.81	70.84933941	19.61141099	75.87887107	12	11	23.6273349	16	34	0	300	0	0.7606909	2111.48	0.0127	0.1326	0.0417	-49421.4135	621420.8677	49.5116	7.59	1488.3	69.23322367
2050205	PINE	0.0794	11.0946	87.3942	5.3309	88.826	1.9964	0.3363	2.7958	10.7548861	0.08477234	0.045700919	8.20595	10.6391	14.3388	0.31723	0.05535	0.16199	0.01477	0.06124	0.00216	19820.62355	20.4749523	0.168045154	5.85778	0.072510767	8.866874699	79.3383	1.64E-06	10.18	52.57177452	11.84441033	85.77561508	11	15	10.5581825	9	34	0	293	1	0.5664871	2088.2	0.008	0.0779	0.0135	-23418.4198	740719.2903	72.7009	4.91	0	77.28566686
2050206	LOWER WEST BRANCH SUSQUEHANNA	0.2575	30.4067	72.9551	10.5557	69.3357	2.4166	0.5513	3.5015	16.93261239	0.12268368	0.313117845	8.87082	12.3962	14.607	0.29093	0.05281	0.16115	0.01287	0.03501	0.00243	21323.89357	106.1245174	0.323540886	34.76551	0.208669443	1.219672025	79.0679	1.40E-06	28.08	68.08388537	21.02271636	73.1856611	12	11	23.4008839	11	35	0	290	0	0	2091.7	0.0142	0.1689	0.0266	-112831.98	2470222.401	45.9215	8.29	2027.92	78.19489831
2050301	LOWER SUSQUEHANNA-PENNS	0.6725	40.1565	61.309	15.8597	59.171	2.1482	0.6221	3.7153	20.42605568	0.12861964	0.6907815	9.97293	13.0337	15.1958	0.30548	0.05304	0.16726	0.01592	0.0359	0.00522	23413.25344	126.2661914	0.100672546	22.28323	0.134615017	1.91882458	83.5664	2.38E-06	35.72	67.42286289	25.09205705	65.85154958	12	5	27.4571354	15	37	0	315	1	0.3269648	2150.76	0.0355	0.3451	0.0508	-179093.1229	1973428.69	33.7681	9.4	27746.2	78.07111745
2050302	UPPER JUNIATA	0.1918	29.889	64.3319	10.9833	69.9192	3.0834	0.5403	3.4593	17.1426673	0.14331864	0.31611318	10.089	13.7543	15.3193	0.30826	0.0555	0.16692	0.0135	0.02349	0.00274	21836.61994	162.1247938	-0.013666803	15.50042	0.141523716	1.26300213	83.9248	2.29E-06	26.19	65.49476532	16.93560006	78.64036486	11	10	27.9226025	16	33	0	307	1	0.5432853	2151.66	0.0258	0.1705	0.0651	-43160.1981	1061885.67	51.1085	6	4.81	80.23764448
2050303	RAYSTOWN	0.1563	31.6238	63.7539	12.4061	68.2198	2.2051	0.5192	3.4269	16.72683474	0.13040272	0.477989586	9.56443	12.5264	15.4958	0.32257	0.05928	0.16319	0.01592	0.07487	0.00641	18771.8168	52.54680592	0.37410068	7.55219	0.081250439	2.835286867	85.5039	2.80E-06	29.19	69.34346431	20.6539535	73.79955608	11	10	27.3478311	15	39	0	284	0	0.8830617	2178.32	0.0175	0.1284	0.0486	-25346.8971	607723.2475	45.2621	2.96	0	75.31908569
2050304	LOWER JUNIATA	0.5511	29.0398	64.8333	11.4742	70.4092	2.0126	0.5054	3.3676	15.49530136	0.11469209	0.334769762	9.78134	11.5991	15.3858	0.2995	0.06179	0.15516	0.01511	0.07296	0.00182	18952.1927	69.97400382	0.357241076	24.83417	0.137671578	3.880771946	84.1884	2.24E-06	27.33	68.97150059	19.5860723	75.2442901	13	7	25.2856502	18	41	0	305	2	0	2136.39	0.0121	0.1832	0.048	-151318.9018	1900270.753	48.2889	9.93	1719.81	74.3371988
2050305	LOWER SUSQUEHANNA-SWATARA	0.7375	51.0974	55.7931	9.2431	48.165	4.4735	0.705	4.0414	24.74061253	0.12345137	0.70543323	10.7786	12.7788	15.6096	0.22341	0.05885	0.14851	0.00945	0.02043	0.00134	27405.2049	339.1230137	0.704378729	29.14525	0.392715424	0.90776524	88.139	1.76E-06	43.6	56.37623077	21.49579906	66.41483151	13	1	30.7048491	18	42	0	316	2	0.2883505	2149.36	0.0447	0.3861	0.082	-312779.7061	1630193.863	28.6886	11.93	713.93	72.83194346
2050306	LOWER SUSQUEHANNA	0.6665	69.627	46.956	16.5756	29.7065	3.2597	0.9025	4.7112	26.85745289	0.12951097	0.772840051	11.4454	14.1465	16.0092	0.20311	0.0657	0.13584	0.00842	0.03498	0.00196	25904.47596	382.5068572	1.223540764	24.1177	0.373490125	0.976905229	93.6331	6.87E-07	62.92	46.61115853	38.98460447	36.55957248	13	0	41.3677377	18	57	1	303	2	1.5541109	2249.19	0.1129	0.644	0.1626	-592691.6984	697386.8484	6.2459	13.85	2874.79	66.41518651
2060002	CHESTER-SASSAFRAS	7.5608	63.8918	33.4854	1.7294	28.5474	2.2121	1.1453	5.1385	19.6566357	0.04599827	0.540996613	8.83072	13.0396	15.3728	0.19284	0.06418	0.12764	0.00903	0.05515	0.00201	28831.87952	149.7794857	1.659130953	21.83324	0.263826023	1.86734709	97.7087	4.17E-07	57	43.03113916	44.11707236	33.99205781	14	4	20.8495625	13	53	0	310	3	0	2329.05	0.0835	0.9385	0.1256	-31628.8195	-94125.236	2.4416	33.6	0	59.7878432
2060003	GUNPOWDER-PATAPSCO	2.1635	61.31	52.7772	11.8665	36.5265	11.1807	0.8095	4.3381	37.23319422	0.11461624	0.467920073	11.0392	13.0087	16.2317	0.21214	0.06397	0.12876	0.01287	0.01133	0.00049	29146.89061	1463.299162	0.32403123	34.54954	0.42019294	0.54416124	94.9991	1.25E-07	38.08	50.0744734	44.87860544	31.22505105	14	1	20.9376554	12	46	0	301	4	1.3531929	2301.96	0.0467	0.311	0.0286	-80959.5226	-286125.5219	4.3743	38.72	5339.75	76.6990221
2060004	SEVERN	5.4631	37.648	49.5965	2.8829	56.844	9.2804	0.5756	3.4728	34.98855572	0.05621196	0.901497997	9.20258	12.4443	15.6594	0.12557	0.06768	0.09851	0.00551	0.01408	0.00086	31185.16069	893.3590208	1.681010154	3.93926	0.698597264	0.549733024	96.2728	0	17.38	68.28526317	43.50680753	41.90453753	13	3	5.4009515	7	27	0	269	3	0	2380.4	0.018	0.1524	0.0132	-70423.4072	-6151.5454	7.198	74.21	5082.02	58.89702391
2060005	CHOPTANK	18.4428	56.7628	23.882	0.0494	24.7944	2.0072	1.0476	4.6355	18.77723161	0.04476692	0.521076946	7.65388	11.1975	14.6146	0.26721	0.05786	0.16537	0.0167	0.06243	0.00138	24960.51409	102.2710042	0.863068761	23.5037	0.533890491	2.26225172	94.3965	6.70E-08	50.55	45.23668675	43.89548204	38.33343435	14	3	22.8455063	5	48	1	290	3	0	2410.53	0.0958	1.0964	0.1114	-39688.1303	1526.2236	0	15.66	0	61.60112686
2060006	PATUXENT	5.8402	49.0191	47.7165	6.5757	45.1399	6.9713	0.7069	3.8745	26.97420457	0.05553433	0.424827625	9.91115	12.8409	15.5685	0.10829	0.0716	0.08211	0.00518	0.01444	0.00058	32215.98598	689.7081334	1.963815571	12.58562	0.376645246	0.504560113	93.6573	5.66E-09	33.73	61.75667301	44.04044264	38.56371969	14	1	12.5582047	14	50	0	305	3	0.9054628	2377.78	0.0253	0.2322	0.0211	-174411.823	16484.6046	4.0039	34.94	3.64	59.6612168
2060007	BLACKWATER-WICOMICO	38.2703	35.4322	21.2864	0.0046	26.2786	2.7768	0.6848	3.1476	17.45246749	0.02553717	0.42951461	7.48048	10.6455	14.1686	0.27689	0.06132	0.13334	0.01246	0.03669	0.0005	21685.45602	154.8506519	1.231383558	13.65124	0.239058898	1.880181805	91.126	0	28.36	61.24723572	34.78716117	53.9257431	15	7	7.1780714	5	37	0	288	3	0	2443.41	0.0707	0.7179	0.0415	-147830.9934	95945.7772	1.8266	53.67	0	64.66329692
2060008	NANTICOKE	15.6438	52.9488	29.6661	0.0056	31.4023	1.8042	1.0521	4.6497	19.18676992	0.05296904	0.543734525	7.941	10.6887	14.1821	0.29224	0.05928	0.1694	0.01453	0.04689	0.00029	20924.31299	104.2484643	2.792545901	8.35051	0.465759519	2.133013008	92.3692	2.08E-08	48.93	57.83734921	39.65100303	48.9586914	15	4	23.8941812	5	51	0	274	1	0	2452.2	0.0675	0.9465	0.152	-81962.0447	39528.4118	1.9708	32.68	10.01	52.96243879
2060009	POCOMOKE	23.1406	37.4042	27.3436	0.0003	39.441	1.5336	0.7792	3.6621	16.90344453	0.04511108	0.124694664	7.49837	9.92784	13.7714	0.31371	0.05226	0.15997	0.01824	0.05961	0.00083	19874.99442	68.05584569	1.634541578	22.34697	0.242128962	3.84700017	89.2655	0	33.42	68.47409556	32.87030111	58.49644557	13	4	15.2763878	4	32	0	301	3	0	2465.66	0.0577	0.6495	0.068	-225430.7106	161719.5593	3.6254	34.5	0	53.56064341
2060010	CHINCOTEAGUE	17.6938	47.2839	20.3386	0.0099	33.5713	3.9406	0.9492	4.2754	23.35172209	0.05581084	0.359995191	7.54424	10.078	13.7853	0.31067	0.0552	0.18829	0.01499	0.04791	0.00058	21434.12355	202.792561	3.496869283	11.02834	1.265448427	2.731923674	90.0231	0	37.33	48.41985728	43.78906311	40.0949987	14	3	19.5073141	4	37	0	307	4	0	2468.31	0.0751	0.8191	0.1622	-74722.5699	32553.9806	1.5675	28.86	1.32	48.13352577
2070001	SOUTH BRANCH POTOMAC	0.1088	18.2302	77.2044	10.2346	81.661	1.7564	0.3833	2.9726	11.51663551	0.09677468	0.113984602	7.08837	9.06566	15.0015	0.38299	0.05869	0.15862	0.02414	0.14233	0.0124	17875.03294	20.95747636	1.004313693	29.63991	0.178131324	13.84897009	84.3915	1.65E-08	17.25	73.98893391	18.41290369	78.27112155	12	25	19.9839621	19	46	0	354	3	0	2318.94	0.0113	0.0303	0.0109	51423.1492	1772661.148	59.1598	10.9	0	57.90584071
2070002	NORTH BRANCH POTOMAC	0.3504	16.7188	82.347	7.1518	82.9308	2.3987	0.3501	2.8184	16.1817523	0.10900613	0.026038483	8.34172	11.936	15.3739	0.35516	0.05272	0.16969	0.01671	0.02801	0.00569	19238.43354	85.57113647	0.114415963	26.25604	0.271447835	1.963716404	85.2496	6.09E-07	12.61	82.16261318	22.63055893	73.9663302	13	14	11.4151463	20	43	0	346	2	1.681082	2246.01	0.0059	0.0518	0.0138	702.6308	1678412.188	55.4644	20.31	7503.2	75.74466664
2070003	CACAPON-TOWN	0.1014	14.5334	87.3767	6.8549	85.3652	1.8886	0.3487	2.8492	13.28914215	0.08970914	0.146798969	7.57175	9.21618	15.4019	0.3657	0.05962	0.15314	0.01936	0.09835	0.00528	17162.43726	22.61904904	1.563727377	19.04767	0.039314885	18.43753867	84.7285	4.78E-07	13.32	77.07145445	18.67325313	78.49527324	13	19	10.7491191	15	46	0	324	2	0	2267.68	0.0406	0.0455	0.0173	-31650.9568	1086373.682	62.1397	4.65	0	69.23943691
2070004	CONOCOCHEAGUE-OPEQUON	0.547	49.3145	59.5403	9.6238	50.1385	2.5773	0.6577	3.9206	20.63141521	0.09655772	0.83610227	8.58388	9.70947	15.6697	0.23926	0.06289	0.13698	0.01153	0.0392	0.00243	23045.05551	192.2979628	1.350915003	55.5545	0.672638749	2.002472197	85.9934	6.84E-07	45.57	64.98932193	27.02546085	62.08460656	14	5	31.9361574	18	52	0	330	1	0.828724	2263.22	0.1677	0.2728	0.0847	-241392.5643	2236580.659	26.4001	13.42	593.32	63.15425372
2070005	SOUTH FORK SHENANDOAH	0.2259	41.7435	62.4382	12.2983	58.0294	2.9072	0.5813	3.6715	18.20281323	0.0943888	0.511183421	6.95363	7.34959	14.8259	0.26221	0.05769	0.13763	0.01214	0.05886	0.00182	21454.80893	135.2896012	1.548017225	21.78436	0.892880911	2.228091119	83.9333	4.36E-09	37.55	52.29040095	18.25601375	74.60795197	11	7	28.0900524	19	39	0	345	0	0	2418.05	0.0128	0.1359	0.0598	92623.3892	1737029.514	38.8343	44.01	173.05	65.09869644
2070006	NORTH FORK SHENANDOAH	0.1002	36.2896	71.249	10.5283	63.6102	2.3774	0.5219	3.4765	16.85361862	0.10468316	0.696590817	7.01492	7.58365	15.1146	0.26519	0.05686	0.14684	0.01281	0.06624	0.00159	21333.56313	69.83823418	1.621497234	16.55575	0.471500896	6.006321514	84.0111	3.11E-08	33.46	64.63891163	19.94714934	74.02611601	11	8	24.1272889	18	35	0	316	1	0	2414.04	0.0544	0.1362	0.0687	17375.9974	1003769.68	42.4516	16.39	0	60.45558862
2070007	SHENANDOAH	0.5571	54.8038	53.908	6.1712	44.6392	2.2552	0.6578	3.9677	23.60590942	0.08116944	0.706667371	7.66786	8.28086	15.5206	0.21018	0.06125	0.12175	0.01137	0.06212	0.00315	26320.5454	140.1922461	1.529878172	18.83043	0.204321949	2.832302684	84.8144	1.86E-08	50.99	53.62431057	26.7743281	60.35244734	12	0	29.8955208	17	42	0	313	1	0	2309.54	0.1312	0.2394	0.1131	-44525.7316	717914.7966	22.4502	21.86	124.76	59.39735789
2070008	MIDDLE POTOMAC-CATOCTIN	1.6458	58.3065	53.7523	11.7586	40.0476	5.1699	0.6866	4.033	27.0174073	0.09081553	0.340640565	9.14738	9.9053	15.7023	0.08536	0.07449	0.09238	0.00484	0.01671	0.00117	41527.71179	686.3979038	2.612998088	14.44659	0.534698141	0.377791973	87.1423	4.13E-08	47.74	50.57454126	39.84986275	39.79805337	14	0	29.8636552	22	60	0	330	1	0	2340.03	0.0397	0.2638	0.043	-217289.7781	213337.2267	9.7887	15.53	13775.09	55.33515878
2070009	MONOCACY	1.3382	66.9642	40.0754	14.4568	31.6976	2.2591	0.7948	4.4097	21.47799578	0.09383948	0.567092242	10.3265	11.8895	15.9425	0.14475	0.0689	0.10582	0.00574	0.04061	0.00086	29264.852	271.7010257	2.555761698	8.32913	0.354507801	0.872774146	90.0625	2.42E-07	63.49	43.94779898	30.77985391	44.60913019	13	0	45.7084556	14	38	0	284	1	0	2299.16	0.131	0.5017	0.0631	-126370.9836	290501.7064	10.5013	12.99	259.42	55.04165127
2070010	MIDDLE POTOMAC-ANACOSTIA-OCCOQUAN	1.5138	53.9395	59.9876	2.6237	44.5467	16.5694	0.6784	3.9105	47.53037724	0.11142074	0.368203091	9.69345	11.2883	15.5414	0.13047	0.06781	0.09103	0.00727	0.01132	0.00084	37711.93366	2317.159158	1.150112716	84.08505	0.831425073	0.465413121	88.5758	4.83E-09	19.52	55.8600517	42.60404543	36.12927729	14	0	14.4547886	25	69	0	331	2	0.6935584	2421.02	0.0144	0.1045	0.0194	-269614.024	214528.0809	8.3422	22.13	230.45	69.93195554
2070011	LOWER POTOMAC	6.1454	30.2418	61.2039	1.6461	63.5852	3.8667	0.5467	3.3246	21.2452857	0.04007472	0.323127286	7.94938	10.6762	14.825	0.13666	0.07393	0.08065	0.00631	0.02642	0.00102	26460.49945	241.2507535	2.393778287	33.72158	0.627105277	2.814181897	89.0641	0	21.88	76.9675215	35.10625644	56.4217763	14	4	7.0677482	16	56	1	314	2	0.2865535	2442.4	0.0232	0.2173	0.0332	258184.2318	1113724.092	18.7372	20.28	120.27	49.30279766
2080102	GREAT WICOMICO-PIANKATANK	10.5351	23.0393	48.6043	0.376	66.3597	2.178	0.5231	3.1526	17.81183378	0.02175532	0.260455789	7.30389	9.90568	13.7197	0.27468	0.04939	0.18723	0.01586	0.07405	0.00155	23928.6842	81.9166891	1.322466688	26.0804	0.599595202	5.720845717	87.3965	0	18.55	78.31135579	29.52455649	64.06383775	9	5	5.9057692	8	37	0	285	4	0	2549.81	0.0201	0.3317	0.0424	229280.4636	919154.6479	23.5334	6.38	0	56.3259886
2080103	RAPIDAN-UPPER RAPPAHANNOCK	0.2384	38.5112	65.7114	10.0153	61.2501	1.8474	0.5323	3.5153	15.11865469	0.05971707	0.033904068	7.01102	7.21734	15.0343	0.20018	0.06282	0.12574	0.01062	0.08822	0.0023	25612.75953	67.33630633	1.845097044	15.90185	0.460326595	4.780779961	84.3245	9.39E-09	36.23	63.45514129	28.01053939	63.4660396	11	2	30.4293158	24	44	1	297	1	0.3623451	2447.48	0.0258	0.1275	0.0515	395396.7914	2464609.621	32.1699	3.72	505.23	53.27301664
2080104	LOWER RAPPAHANNOCK	6.1559	33.3343	55.6832	1.7429	60.4886	2.9449	0.6293	3.5472	17.76372511	0.02461348	0.215367554	7.34088	9.19284	14.3537	0.19496	0.0666	0.11623	0.00913	0.0285	0.00074	24842.71635	133.9807232	3.320896196	74.29176	1.319613028	3.560328423	87.5547	0	26.13	77.38968566	34.8504089	56.79806508	10	2	7.0336845	17	59	0	299	2	0	2493.37	0.0209	0.3417	0.0579	520020.1429	1522593.53	19.3891	7.64	1.18	55.58097719
2080105	MATTAPONI	6.6329	23.8404	59.8276	1.7382	69.5133	2.0259	0.5189	3.1864	15.10976369	0.02518751	0.068572447	7.43996	8.59136	14.4147	0.21894	0.06788	0.1113	0.01011	0.03418	0.0022	23828.08319	62.20243065	2.634403106	19.01618	0.92989034	4.935024309	86.671	0	19.95	84.61960289	33.54914628	60.78956696	9	3	5.4497561	16	60	1	275	1	0.819937	2494.73	0.0208	0.2399	0.038	432103.899	1139799.599	26.4503	3.91	0	38.19993527
2080106	PAMUNKEY	5.1924	28.7499	61.0168	2.4874	66.0573	2.1741	0.5085	3.2368	15.11882515	0.02621791	0.012167633	7.10909	7.88201	14.473	0.20096	0.06346	0.11673	0.0097	0.04444	0.00452	25145.01752	69.81719677	3.015054831	24.79739	0.832738069	5.449571343	85.8673	0	24.18	81.76459092	33.25436638	60.11474363	10	4	9.6401917	20	63	1	282	1	0.2551374	2504.23	0.0228	0.1966	0.0346	799711.0624	1942701.878	26.9883	5.24	6168.39	45.46749704
2080107	YORK	10.3017	23.1852	40.2249	0.705	66.5106	4.0033	0.5308	3.1888	20.34015027	0.03110044	0.442805509	7.72979	9.8636	13.5814	0.19081	0.05779	0.11818	0.00769	0.0388	0.00089	25660.39399	173.4836847	2.107796401	13.67526	0.438954629	1.670351848	86.861	0	15.78	81.01559683	32.9659568	60.02395934	11	3	3.3736757	9	36	0	281	2	0	2549.8	0.0108	0.1848	0.0235	136801.7376	465865.3129	18.1363	7.74	250.5	45.8252715
2080108	LYNNHAVEN-POQUOSON	9.945	60.2053	19.822	0.0265	28.7241	25.1357	0.7648	4.013	56.93766697	0.11968372	1	8.03619	12.0302	13.0406	0.19758	0.06914	0.09387	0.00642	0.00987	0.00035	24943.74192	2421.723752	0.68757657	32.5531	0.468516066	0.282177854	85.3606	0	7.51	51.14985614	43.62868258	34.07626535	10	0	3.5087719	12	25	0	318	3	0	2615.26	0.0031	0.0062	0.0031	17990.6608	79859.2566	4.0516	15.54	144.28	62.28566256
2080109	WESTERN LOWER DELMARVA	13.1675	44.9504	42.8756	0.014	41.7203	1.95	0.8137	4.0212	17.48551229	0.04706675	0.318391618	7.00614	10.3817	13.4792	0.41172	0.05876	0.1838	0.0284	0.11386	0.00027	17257.03295	75.55051557	1.244487172	6.13635	0.458633657	11.85805591	87.204	0	38.94	49.03956984	44.27662027	39.25213413	12	7	17.8159649	3	18	0	280	3	0	2580.57	0.2894	0.5959	0.2536	-62416.8494	116642.8838	6.1635	5.43	0	65.85754225
2080110	EASTERN LOWER DELMARVA	38.6974	35.6948	41.9708	0.0112	24.8631	1.1489	0.6437	3.0475	11.92260159	0.05566637	0.389658219	6.86731	10.3019	13.3406	0.41031	0.05926	0.17981	0.02758	0.11406	0.00032	17070.43514	54.23939885	1.444191932	3.86467	0.300365664	12.89885219	86.6129	0	29.05	30.88430966	48.87017089	30.17274295	11	9	8.2025697	3	19	0	268	4	0	2578.73	0.3082	0.6002	0.2702	-57231.2782	123661.1354	1.1062	2	0	67.55228814
2080201	UPPER JAMES	0.1082	12.2817	84.431	5.9577	87.6101	2.1754	0.3434	2.8263	10.59552905	0.07174341	0.166698032	6.39982	7.76614	14.3768	0.29104	0.05477	0.16133	0.01535	0.05733	0.00404	21489.993	24.49131154	0.517484848	62.21545	0.144101153	6.851965036	83.4459	0	11.06	61.11506304	12.48562587	85.32650037	11	18	12.0185321	22	57	1	350	2	0.2045031	2464.69	0.0024	0.0216	0.0079	431166.4374	3877526.297	71.2929	4.08	5.5	67.55435507
2080202	MAURY	0.2167	24.8882	67.6983	13.9098	74.8951	2.1884	0.4244	3.138	13.557767	0.07631984	0.246447788	6.47689	7.4698	14.5504	0.31354	0.05139	0.15765	0.01473	0.05661	0.00099	20484.5436	43.91113103	0.770662289	16.16553	0.263774663	6.604669759	83.0918	0	23.2	55.87867207	15.90615048	80.14921146	11	16	25.7086869	17	47	1	314	0	0	2474.85	0.0029	0.0635	0.0304	124005.7562	875566.9848	55.5996	5.8	161	65.69351422
2080203	MIDDLE JAMES-BUFFALO	0.4896	18.8332	80.9261	5.6949	80.6772	2.569	0.3716	2.9063	15.38676344	0.05844833	0.000941818	6.60493	6.95744	14.5833	0.29883	0.0571	0.14566	0.01646	0.0382	0.00257	21251.30245	81.70514856	0.936536701	29.10093	0.459301375	3.380593151	83.9027	0	14.93	76.43286069	22.86817923	72.94107121	10	12	10.5464058	20	55	1	309	0	0.1849477	2524.62	0.0075	0.0258	0.0168	811955.6009	2521858.381	51.7199	4.73	9684.41	64.97928758
2080204	RIVANNA	0.6303	25.3253	74.7787	7.5189	74.0444	2.9861	0.4238	3.1062	19.0082045	0.06468039	0.002642543	6.78419	6.99889	14.6959	0.23898	0.05808	0.11763	0.00642	0.02762	0.00177	28431.01132	185.3224001	1.992628155	36.87147	0.811536277	1.404409983	84.3814	0	20.89	74.72672864	28.24002556	65.47022831	11	6	14.9351031	15	42	1	299	0	1.2465553	2473.47	0.0142	0.034	0.0324	249987.9204	960535.6126	39.9143	6.54	38	61.30812714
2080205	MIDDLE JAMES-WILLIS	3.8093	25.7088	62.7032	2.6217	70.4819	4.6738	0.4324	3.0373	21.54875688	0.03731835	0.00411047	6.95456	7.25118	14.4196	0.26622	0.0638	0.1226	0.01283	0.01031	0.00218	29028.07106	306.0204921	0.987919027	28.92883	0.536889378	0.969043117	85.5289	0	17.25	83.21167738	28.52264993	65.63367889	10	11	5.7161297	13	55	0	271	0	0	2526.39	0.0042	0.0554	0.0139	712535.1692	1891794.437	33.9063	8.3	0	73.21720666
2080206	LOWER JAMES	8.6392	33.9027	54.0414	0.7294	57.4338	8.8608	0.6133	3.4735	25.78450012	0.05742041	0.957172529	8.16432	10.0634	13.7951	0.20719	0.06742	0.11142	0.00783	0.01043	0.0009	27828.755	516.9247565	1.586468166	83.41862	1.006051105	0.66889265	86.6898	0	17.86	74.57529598	35.8922867	54.96857485	10	3	5.6601215	14	62	0	316	2	0.515533	2547.97	0.0757	0.2478	0.0622	1076442.53	2306479.801	16.0968	8.41	5494	60.27745525
2080207	APPOMATTOX	2.9353	24.3959	73.1321	2.7152	72.6688	2.8702	0.4194	3.0049	17.09199828	0.02863139	0.003733538	7.20741	7.30107	14.3048	0.22386	0.06233	0.11422	0.01108	0.02968	0.0015	25284.83159	138.655471	1.438373938	67.42595	0.666094818	1.813821835	85.4209	0	19.02	84.47366542	30.8176808	63.63641926	10	7	5.4187844	17	61	0	286	1	0.5048474	2526.65	0.013	0.0962	0.0234	1173379.659	2934819.558	33.827	6.46	2394.7	54.8769268
2080208	HAMPTON ROADS	19.7701	60.3394	16.485	0.1168	19.8893	21.0605	0.8902	4.1581	42.63859653	0.08422011	1	8.30438	11.3447	13.1729	0.26532	0.07085	0.1066	0.01071	0.00914	0.00044	22295.55762	1450.310937	0.52075485	70.24351	0.492766126	0.69243815	84.552	0	0	0	15.20669291	0.147637795	9	0	0	9	43	0	350	5	0	2673.99	0	0	0	20417.2024	68823.0282	0.1197	26.6	683.37	72.02103239
3010101	UPPER ROANOKE	0.0925	29.1148	77.1736	10.8328	70.7927	3.4288	0.4731	3.2822	20.98256609	0.08937942	0.007641241	6.91005	7.04171	14.7927	0.26866	0.05694	0.14988	0.01291	0.02555	0.00181	24733.73346	171.1769084	0.903490074	76.17093	0.786134805	1.551363926	84.5844	0	23.89	73.99408976	31.06656318	61.54457343	10	2	15.5542584	28	57	2	333	2	0.4668701	2538.44	0.0112	0.0529	0.0357	708445.4664	2448872.09	35.5205	13.77	533.93	66.22578136
3010102	MIDDLE ROANOKE	3.6597	26.6394	68.2752	3.0925	69.6655	1.8821	0.4474	3.0968	15.69390303	0.02362044	0.001702594	7.37524	7.30367	14.6038	0.33944	0.06001	0.15313	0.02545	0.06287	0.00095	19676.53683	42.5057572	0.853444867	38.07343	0.234604461	9.388882585	85.4219	0	22.47	83.61486276	37.74041484	55.35595952	9	4	6.1430664	17	69	0	301	1	0.3983189	2591.53	0.0134	0.0571	0.0375	1033770.093	2360840.281	22.0638	9.79	0.08	62.44232522
3010103	UPPER DAN	0.4759	23.1454	83.8228	6.5214	76.3104	3.589	0.4697	3.2144	19.62688439	0.05764125	0.001805511	7.48637	8.08293	15.3164	0.31238	0.06003	0.14961	0.02062	0.0378	0.00107	21207.15087	121.8807781	0.685137789	57.97371	0.172828973	2.428265487	86.2785	0	18.36	86.44667002	39.73660911	53.69741637	11	2	9.7053014	25	60	2	318	1	0.7469972	2625.21	0.0129	0.0409	0.0362	1750006.054	3730535.477	33.6597	5.98	799	70.57230572
3010104	LOWER DAN	2.4398	25.5395	77.9538	2.7736	71.9124	3.084	0.4916	3.2409	17.04060056	0.02690356	0.001582744	7.91186	8.5908	14.9515	0.33896	0.05928	0.15402	0.0251	0.06499	0.00073	19480.6527	94.90924	0.699127676	33.65648	0.133033083	4.056326245	87.1845	0	20.98	85.09538478	40.9376145	51.44233837	9	5	5.3326614	22	66	0	287	1	0.9325099	2617.61	0.0161	0.0582	0.0535	1120361.9	1793948.434	16.1669	9.87	1.38	78.14040899
3010105	BANISTER	2.3595	32.3822	77.0022	3.8195	65.2583	1.75	0.5156	3.3401	19.39418604	0.02859962	0.007907044	7.4749	7.40958	14.8453	0.35497	0.05852	0.168	0.02635	0.05806	0.00078	19212.20402	47.41493598	0.215279392	6.08854	0.266766259	7.709683854	85.8106	0	29.14	78.82471363	40.29468548	51.34852864	9	0	7.3431803	19	42	0	235	1	0	2613.12	0.02	0.0595	0.0565	204036.4956	387766.1109	18.62	9.37	18.2	62.00470241
3010106	ROANOKE RAPIDS	3.9686	29.0949	62.9212	1.7276	66.9171	2.0815	0.4639	3.1264	17.4913334	0.02084731	0.001829851	7.88366	7.86076	14.3024	0.4086	0.05538	0.16887	0.0319	0.08687	0.00072	17606.82141	49.78300951	1.013711112	15.63737	0.129362025	10.34452525	85.1611	0	22.83	81.27831419	41.92180971	49.92229548	9	5	4.6206372	16	58	0	292	1	0.5990484	2654.31	0.0401	0.1341	0.0916	341219.5735	668277.7177	11.6846	7.24	0	58.89133501
3010107	LOWER ROANOKE	29.9977	28.2801	25.8952	0.035	41.6984	2.0186	0.6263	3.0638	13.17707007	0.03471311	0.071666243	8.29897	7.97044	13.4617	0.40534	0.06249	0.15423	0.03611	0.07928	0.00035	18304.74387	59.45810764	0.141686248	43.58981	0.125987869	4.573326754	82.4605	0	23.58	77.00537134	30.57974695	62.86383519	10	5	8.6958637	7	64	0	323	2	0.3421067	2724.41	0.1451	0.4989	0.3377	662631.8882	1240408.229	NA	NA	NA	NA
3010201	NOTTOWAY	8.8283	27.0266	55.9144	0.5914	64.1451	2.1555	0.5582	3.2595	15.98226508	0.03347759	0.027773133	7.64468	7.92231	13.9245	0.34345	0.05273	0.15062	0.02261	0.0499	0.00244	20343.39988	33.81430023	0.836697478	44.99693	0.245103512	6.718806298	84.8415	0	22.65	83.0780706	33.11380165	60.96796937	9	2	6.2338812	12	85	2	315	1	0	2626.43	0.1267	0.2347	0.1116	1108530.972	2280154.115	22.4048	19.08	108	64.36963797
3010202	BLACKWATER	12.5556	36.4809	46.3143	0.4842	50.9628	2.3029	0.7611	3.811	15.83603022	0.03861905	0.112531038	7.99862	9.23498	13.5216	0.29735	0.05763	0.13127	0.01579	0.04393	0.0012	21896.01729	63.84176284	0.920951839	52.36095	0.236834262	4.663001166	85.033	0	32.5	73.32726822	34.57994006	58.1431207	9	2	10.0688047	13	51	0	315	3	0	2616.29	0.2212	0.4399	0.1953	419434.5175	986351.4229	11.6035	17.18	12493.8	64.09617707
3010203	CHOWAN	18.899	32.0906	30.1968	0.0203	48.9975	2.1578	0.7247	3.5778	12.94393531	0.03367259	0.086108077	7.92455	7.97808	13.2896	0.38609	0.05956	0.15305	0.03219	0.07214	0.0005	18568.90414	45.95838712	0.568633129	27.1113	0.172326246	8.378619761	82.5224	0	27.92	75.51345662	33.48048506	59.443856	9	5	10.24142	9	59	1	334	2	0.6379297	2683.67	0.1553	0.4892	0.2802	407479.1336	1081076.913	1.4624	6.75	0	58.39135909
3010204	MEHERRIN	11.6075	31.6294	49.4704	0.874	56.754	1.9246	0.6241	3.4202	15.72486976	0.03040042	0.019392615	7.62948	7.74171	13.9838	0.39224	0.05179	0.15996	0.0302	0.07907	0.00226	17132.03153	40.31426192	1.065809073	88.41371	0.243617695	7.455578989	84.2544	0	27.39	79.32008924	35.83755489	56.97970158	10	2	6.7713608	12	83	0	309	1	0	2666.39	0.1162	0.2529	0.1662	1058732.967	2187916.946	19.3018	2.93	193	65.68933348
3010205	ALBEMARLE	45.2816	38.5681	14.0713	0.0003	15.8732	1.7083	0.794	3.3326	11.78787691	0.16046898	0.123268833	8.29615	8.65043	12.9069	0.2167	0.06667	0.10839	0.01067	0.03213	0.00051	25111.66228	118.1819235	1.460687943	108.13176	0.771033182	1.680819761	81.9411	0	33.86	47.8154538	20.15425349	74.28719633	12	6	19.8639133	9	55	1	392	7	0.3325354	2715.29	0.0645	0.5888	0.2452	567255.3032	2918056.655	0.1191	6.8	9712.7	48.56881648
3020101	UPPER TAR	9.2968	31.6296	59.1887	0.4856	58.976	3.2404	0.6725	3.639	18.73137846	0.0348411	0.008648263	8.63197	8.05628	14.4423	0.30928	0.06715	0.12075	0.01901	0.0506	0.00095	21322.36526	141.4723493	1.506549347	39.96236	0.701628892	4.475841473	86.5011	0	26.88	79.20979132	43.63189108	46.76780708	10	7	7.3518814	8	81	2	312	1	0.2952863	2675.77	0.0527	0.3012	0.1721	752830.9096	1519265.18	NA	NA	NA	NA
3020102	FISHING	11.5087	28.2894	48.9712	0.2787	60.1755	1.9713	0.6463	3.4743	14.56330467	0.03242459	0.006434065	8.23778	7.83091	14.0779	0.40909	0.06074	0.1517	0.0305	0.06551	0.00017	17692.63522	41.92421023	0.805553931	16.31319	0.074955209	12.82274674	84.9608	0	24.96	81.91896395	35.31888648	58.2603031	10	5	6.7973871	9	80	2	309	0	0	2674.54	0.0986	0.3593	0.2433	485301.8105	935016.0668	NA	NA	NA	NA
3020103	LOWER TAR	24.617	43.0686	23.2677	0.0193	32.2894	2.2781	0.8972	3.9644	16.58477967	0.06109694	0.077601197	9.02903	8.39252	13.6232	0.37176	0.06506	0.11014	0.02134	0.0359	0.00054	20726.81535	150.6775626	1.470500075	22.62676	0.688816403	2.6375038	83.4039	0	37.52	66.99427335	38.9628221	49.17277854	10	1	20.3652071	7	70	1	311	2	0	2767.5	0.1184	0.6093	0.328	474690.1696	856748.8768	NA	NA	NA	NA
3020104	PAMLICO	24.9255	42.0359	21.432	0.0009	32.9997	1.5799	0.8903	3.9704	14.32564734	0.15997684	0.038583796	8.7495	8.53933	12.9046	0.36608	0.05971	0.15896	0.02934	0.06748	0.00026	20365.34711	39.79370642	0.590160692	8.72746	0.528990499	5.190635945	81.0729	0	38.05	71.91073168	30.7136498	61.79890208	10	7	17.0743947	6	40	0	338	4	0	2782.53	0.0325	0.5666	0.2046	302634.2059	514138.2893	NA	NA	NA	NA
3020105	PAMLICO SOUND	58.0828	26.8293	12.9164	0.0002	14.2033	0.9233	0.5791	2.446	9.221548368	0.11580117	0.096881932	8.45139	8.44631	12.5377	0.34631	0.04907	0.16611	0.0222	0.10999	0.0005	20412.43836	19.87232651	1.647734289	9.08327	0.304813145	4.687265532	81.1229	0	20.93	61.83138252	27.55234993	64.9365835	11	12	13.1043643	5	33	0	341	6	0	2784.95	0.0486	0.4025	0.1927	141399.3732	303898.205	NA	NA	NA	NA
3020106	BOGUE-CORE SOUNDS	43.6085	20.2178	22.2956	0.0021	34.9154	2.0436	0.4547	2.3239	14.26233067	0.04111063	0.125629568	8.89174	8.3566	12.4324	0.25355	0.05865	0.14683	0.0144	0.04545	0.00045	23152.42701	109.5925421	0.976265771	16.40199	0.678872188	1.279353467	80.6729	0	15.62	64.15190936	23.57760503	70.49482589	13	10	11.4255014	6	48	0	368	5	0	2904.1	0.0374	0.3005	0.1822	392834.3383	433578.7349	NA	NA	NA	NA
3020201	UPPER NEUSE	8.397	36.0261	57.2629	0.6406	55.3992	5.273	0.7603	3.902	23.53311236	0.05854625	0.040283624	9.1967	8.49931	14.7183	0.2151	0.07127	0.08405	0.00926	0.02225	0.00129	29389.45915	389.0291684	3.975886801	36.03581	2.130334535	0.86143134	87.3587	0	27.13	72.98027439	44.43277104	43.80391215	10	1	7.2259788	13	96	2	338	2	0.6633238	2710.24	0.0416	0.242	0.1301	1783613.679	2744671.777	NA	NA	NA	NA
3020202	MIDDLE NEUSE	27.3862	41.5978	27.274	0.028	30.9744	2.5767	0.8873	3.8844	16.36348582	0.08489891	0.091554216	9.94048	8.40648	13.4554	0.34489	0.068	0.12597	0.01983	0.03971	0.00042	20724.34727	142.322396	0.938772955	23.79598	0.415079373	2.129923159	82.4333	0	35.68	69.24508701	36.69874739	52.9649058	10	2	23.201896	8	69	0	320	3	0	2767.49	0.0808	0.5093	0.2988	642230.6346	871797.6204	NA	NA	NA	NA
3020203	CONTENTNEA	21.225	46.0689	22.9608	0.0609	32.6612	2.2724	0.9821	4.3179	17.47364	0.04384721	0.279493315	9.89164	8.54031	14.1047	0.33244	0.06861	0.12007	0.02198	0.05342	0.00069	21728.48385	135.3588969	1.594005159	22.77911	0.172847586	3.067288146	84.8468	0	42.49	59.63355803	45.80786556	40.90872496	10	0	13.3935166	7	77	1	311	2	0	2760.58	0.1248	0.7274	0.4021	544520.4261	1178310.808	NA	NA	NA	NA
3020204	LOWER NEUSE	32.835	25.937	25.5544	0.0075	41.2039	2.2825	0.5641	2.8426	15.12316596	0.05048607	0.181851452	9.43012	8.38968	12.7777	0.30722	0.06959	0.14127	0.01626	0.03466	0.00072	22218.15269	96.1575519	1.126180051	36.61553	0.476208176	1.515323649	81.1546	0	20.5	75.04537891	27.56970481	66.45095932	10	10	15.1506561	6	61	0	355	3	0	2821.66	0.0626	0.34	0.2164	663741.1466	724695.6251	NA	NA	NA	NA
4120101	CHAUTAUQUA-CONNEAUT	2.3315	47.345	82.0225	2.1524	50.2507	6.538	0.7068	3.9968	24.7744761	0.0182427	0.405218331	10.0222	15.2131	14.6621	0.27451	0.06206	0.1435	0.01023	0.02221	0.00182	23351.07918	469.7198807	0.186959161	12.18694	0.486582937	0.575753653	87.034	0	36.37	60.672935	45.27648648	39.91954066	12	0	13.7591417	9	97	0	282	1	0	2154.15	0.154	0.2586	0.0505	-20466.0319	207228.2306	6.5697	0.14	1512.09	80.66290322
5010001	UPPER ALLEGHENY	0.7761	14.8289	78.884	5.3496	84.395	2.2428	0.37	2.9089	14.5094831	0.07862573	0.054972271	8.67535	12.6616	14.2501	0.31421	0.05927	0.15607	0.01248	0.03687	0.01339	20655.53175	56.692146	-0.103393368	25.39649	0.116941953	2.603589457	84.2536	3.23E-07	13.27	72.96065461	17.23749087	79.59117642	11	15	15.6230933	8	84	0	317	1	0.6018302	2081.5	0.011	0.0522	0.0081	-68168.4962	2476080.602	67.2347	4.65	668	82.62651492
5010002	CONEWANGO	3.2628	39.6367	61.841	8.0381	57.1005	2.3288	0.5907	3.6407	15.65694501	0.06532481	0.392039655	9.49527	14.3476	14.1996	0.32664	0.05797	0.16007	0.01188	0.04318	0.00679	20113.89948	113.5756853	-0.171156891	5.55393	0.166010601	2.14757494	86.0487	9.38E-08	35.63	72.64441095	29.19492048	60.24972061	11	16.6368062	22.705314	6	76	0	317	1	0.7066328	2127.54	0.1373	0.1656	0.0607	-9098.0802	585417.2244	41.301	8.38	0	81.78068646
5010003	MIDDLE ALLEGHENY-TIONESTA	0.4048	14.1361	92.3761	3.0511	85.4591	2.2059	0.366	2.8865	14.98066358	0.05560366	0.072728226	10.4807	14.6211	15.0217	0.32001	0.05631	0.16669	0.01331	0.03412	0.01055	22698.01025	49.12021119	-0.081397523	11.27233	0.05606348	9.405150514	85.8898	2.46E-07	12.39	70.59161165	18.08912143	79.13557307	11	5	4.6809159	6	87	2	304	1	0.5857478	2108.63	0.0044	0.0695	0.0061	6954.7614	1743410.983	62.3378	3.48	501.68	81.78498228
5010004	FRENCH	3.7264	40.4903	68.231	6.5684	55.7833	1.9465	0.5711	3.5814	16.28333909	0.06038492	0.411583719	10.826	14.9729	14.9324	0.31086	0.05984	0.15368	0.01196	0.03949	0.00509	21864.36416	94.59193937	0.260527116	11.8788	0.111576582	1.488211856	86.6295	3.44E-09	38.57	69.83585114	39.86229743	49.37880011	12	2	20.850127	9	97	2	319	1	0.7154313	2136.29	0.0747	0.2109	0.0319	-31384.709	590319.128	14.7367	8.39	37	80.81384154
5010005	CLARION	0.093	14.8759	93.7154	4.8016	85.0311	2.3438	0.3733	2.8786	14.80173905	0.05880872	0.099533835	10.0187	14.2608	15.0158	0.31733	0.05543	0.16451	0.01157	0.02664	0.01509	21933.53226	53.32091418	0.028907065	15.58882	0.18903089	4.306296254	84.9896	6.61E-07	11.55	72.45580877	19.29195117	77.66656394	11	9	4.035405	4	43	0	281	0	0.7067768	2094.56	0.0011	0.0513	0.0043	12963.8048	1530058.543	60.4119	9.32	1526.3	79.30706629
5010006	MIDDLE ALLEGHENY-REDBANK	0.2234	28.6792	82.746	15.1074	71.0974	2.212	0.4953	3.3085	20.63153598	0.10431865	0.260069504	10.8756	15.977	15.5113	0.32832	0.05414	0.17071	0.01435	0.04622	0.03567	21283.69047	86.64394383	0.062978173	17.20076	0.146760629	2.353070818	86.4962	7.82E-07	25.18	81.65288228	35.88742172	57.13539456	11	4	12.0527882	4	74	1	291	0	2.0189792	2147.86	0.0085	0.103	0.0166	-49106.6225	1680652.33	31.3688	7.95	16.24	79.19102659
5010007	CONEMAUGH	0.4787	26.47	83.6219	9.1715	73.0513	2.964	0.4525	3.1542	21.48501771	0.10390499	0.129809756	10.8682	16.904	15.5782	0.35495	0.05054	0.18081	0.0163	0.03082	0.02231	21142.10651	171.2673828	-0.319595979	16.38682	0.135163201	1.027944497	86.2864	4.81E-07	20.86	75.74088937	28.4242614	65.56565456	12	5	8.6287102	5	33	0	296	0	1.9786247	2173.57	0.0157	0.1459	0.0271	-55846.3021	975867.9688	40.4478	12.25	505.22	82.41209747
5010008	KISKIMINETAS	0.1954	29.1893	78.6319	14.3033	70.6153	2.9449	0.5018	3.3465	23.64323972	0.13271549	0.167868993	11.2176	17.1641	15.9537	0.3024	0.05208	0.18169	0.01392	0.02679	0.01105	24449.89095	198.2244848	-0.039244841	3.85039	0.10302697	0.875109841	86.7343	2.19E-07	24.71	75.48024066	32.84825742	59.69262273	11	0	14.1440284	3	50	0	283	0	0.7988075	2192.2	0.01	0.1144	0.0286	-43586.4936	311423.1645	34.0223	14.57	1.3	81.56819625
5010009	LOWER ALLEGHENY	0.071	36.1184	77.5956	11.1265	63.8105	7.651	0.5637	3.5579	38.06860836	0.18532141	0.035840045	11.7572	17.1339	16.2642	0.28897	0.05553	0.17683	0.01495	0.00826	0.00404	30547.53136	825.9438472	-0.292467204	5.47295	0.128192111	0.41445271	87.7795	0	21.45	76.88378413	44.93102628	43.17618249	12	0	9.5520744	3	60	0	265	0	3.4567195	2193.89	0.0101	0.0688	0.0113	-47053.4273	301976.0705	17.9191	14.95	1797.65	86.76906794
5020001	TYGART VALLEY	0.2742	17.667	81.0606	9.611	82.0588	2.1117	0.4079	3.0083	16.77470539	0.10497246	0.063861643	7.81846	10.5126	15.0511	0.40469	0.05281	0.15594	0.01849	0.05346	0.03892	17144.23284	66.79991937	0.141652753	48.87828	0.056669729	4.340427007	85.6192	0	15.45	80.53565957	23.64184317	72.45992107	10	14	14.3284399	7	39	0	297	2	0.2964858	2306.8	0.0001	0.0128	0.0028	-206146.7761	2685200.879	52.591	10.79	20	68.3412498
5020002	WEST FORK	0.0905	26.1806	59.4554	17.0721	73.7289	2.736	0.4515	3.1793	19.31847789	0.15536004	0.121209586	8.52191	10.844	15.2873	0.3759	0.05554	0.16605	0.01587	0.03146	0.04262	21433.60438	117.8188488	-0.068692323	25.39994	0.218231622	2.325529899	86.5033	0	22.21	86.7178509	36.94737854	56.004691	10	8	28.5470986	4	65	1	249	0	0.5184715	2288.93	0	0.0258	0.0005	-274275.7063	2111605.096	31.4107	11.35	4.03	76.84840448
5020003	UPPER MONONGAHELA	0.1508	22.5343	73.3222	13.1749	77.3149	3.3977	0.4354	3.1241	23.48248519	0.17642998	0.052563687	9.04139	12.4927	15.371	0.36384	0.05029	0.12886	0.01079	0.02035	0.02222	21302.60061	216.8405918	0.533160324	18.83564	0.037937756	1.197022023	87.2032	0	18.14	86.98281716	32.67370355	61.52801365	11	4	16.3512149	7	69	0	264	0	3.6330541	2268.06	0.0044	0.0213	0.0051	-125865.9838	874012.4049	39.227	16.45	4.22	72.61930097
5020004	CHEAT	1.2985	11.3339	88.3534	5.1858	87.3676	1.9548	0.3248	2.7128	12.56916843	0.0654689	0.019067611	8.02213	11.8085	15.1217	0.38672	0.05301	0.15093	0.01945	0.06061	0.01796	18100.81656	28.70256813	0.133239259	71.46761	0.016480191	6.827040195	85.5102	0	9.1	71.33986252	17.6921916	79.90308418	12	20	4.324166	11	45	0	336	2	0.3255507	2279.36	0.0003	0.0199	0.004	-69300.4692	1763645.995	64.675	16.28	8.7	68.13175682
5020005	LOWER MONONGAHELA	0.0746	38.8237	61.8214	19.7186	61.1017	5.348	0.5477	3.5246	30.39715052	0.19357151	0.154862182	10.3165	15.383	16.0373	0.30752	0.055	0.17744	0.01605	0.01232	0.01053	28487.42755	540.6559641	-0.237865353	17.76273	0.203692949	0.824920219	87.2947	0	28.62	71.44616752	42.17836332	45.58975672	12	5	25.1253534	6	63	0	296	0	1.4092368	2236.9	0.0049	0.0521	0.0101	-189484.0765	1128213.34	16.6935	4.49	43595.52	84.75792679
5020006	YOUGHIOGHENY	0.6934	30.5981	75.6976	13.7222	68.7085	2.8385	0.4945	3.3281	20.90980228	0.113484	0.196461692	10.1161	15.4065	15.7007	0.32337	0.05398	0.17881	0.0167	0.0271	0.00905	23707.39199	170.1889691	0.047929603	18.40874	0.114005916	1.49890606	86.0746	2.50E-07	26.3	70.7858063	27.55242556	65.32051065	14	7	14.0828523	13	39	0	321	1	0.7589932	2230.26	0.005	0.099	0.0195	-85659.8388	1184263.566	37.7001	12.86	882	80.80981596
5030101	UPPER OHIO	0.0854	38.8653	70.5498	14.7999	61.0492	7.6397	0.5496	3.5248	33.08773803	0.19018654	0.167893211	11.5288	17.8658	16.5097	0.29689	0.05501	0.17988	0.01466	0.01099	0.00596	28657.23096	623.1939305	-0.359683886	24.90996	0.194115707	0.446803258	86.8327	0	24.13	73.06885586	43.21197566	44.19206094	12	0	14.403501	12	84	0	270	0	1.6222322	2214.48	0.012	0.0701	0.0132	-117340.1099	1091462.755	16.9715	14.96	101093.33	87.02154358
5030102	SHENANGO	3.2532	54.9558	62.7575	5.3758	41.791	3.7162	0.7196	4.0732	22.5990243	0.07522552	0.650065226	12.0936	16.2241	15.7152	0.31251	0.05712	0.18348	0.01346	0.03571	0.00253	21108.6432	213.5741844	-0.074922792	11.0151	0.363008111	1.561973187	86.1687	0	47.09	42.57254711	52.46048362	28.22032581	12	0	22.3645053	3	83	1	268	0	1.0388154	2163.99	0.0099	0.2624	0.0271	-67820.151	492706.436	1.4984	4.19	1103.49	83.55191557
5030104	BEAVER	0.0712	38.4438	79.4383	11.7528	61.485	7.5647	0.5433	3.4715	32.08435623	0.15064936	0.028104882	12.1838	17.342	16.4033	0.31582	0.05453	0.18529	0.01318	0.01993	0.0028	23239.54993	473.0024118	-0.262310548	2.78244	0.100081164	0.488188215	85.7133	0	23.2	74.3617158	45.40954535	41.82631268	10	0	8.7544116	3	33	0	242	0	0	2214.5	0.02	0.1482	0.039	-20132.4602	104432.2662	14.4892	0	320.4	85.98054807
5030105	CONNOQUENESSING	1.079	43.1797	74.0461	12.8072	55.7413	3.3016	0.5746	3.6289	24.56240403	0.09326556	0.589500731	12.0396	16.6182	16.06	0.26963	0.0619	0.15372	0.01295	0.026	0.00624	24265.06048	237.4453921	0.961644337	9.84871	0.107886754	0.93739484	86.5591	0	37.71	66.26768958	45.18289857	41.78669112	13	0	17.2523801	3	51	1	280	1	0.5291543	2178.96	0.0118	0.1455	0.0248	-90202.2877	535602.7571	12.6355	6.09	3648.61	75.03122967
5030106	UPPER OHIO-WHEELING	0.0306	29.1933	76.5109	20.9256	70.7761	2.5501	0.4497	3.2397	19.19701199	0.15352429	0.375170181	10.4041	17.2291	16.1928	0.35048	0.05267	0.17705	0.01773	0.02329	0.02124	22755.29393	124.9534395	-0.53279171	16.77832	0.068391205	1.567547954	86.424	0	26.33	83.59107638	38.53904354	53.87547028	11	13	16.9265395	9	85	0	254	0	0.4891316	2252.23	0.0021	0.0324	0.0042	-263405.951	1399598.105	27.6092	4.29	6901.46	83.86955013
5030201	LITTLE MUSKINGUM-MIDDLE ISLAND	0.062	12.8632	77.0084	8.6412	87.0748	2.1843	0.3549	2.8638	13.88881193	0.12947611	0.072724816	10.1964	14.2659	16.0474	0.39453	0.05665	0.15765	0.0193	0.06925	0.0251	18340.89556	44.1046424	-0.274311826	22.78071	0.021204847	5.486728937	87.0065	0	11.54	92.79375118	25.04791175	72.1301507	10	26	18.2916559	8	107	1	234	0	0.4582969	2282.29	0	0.0078	0.0003	-979686.1902	2228384.06	56.3243	0	3808.64	74.38341803
5030202	UPPER OHIO-SHADE	0.1417	30.0998	59.2982	14.9645	69.7584	2.9294	0.4934	3.3521	18.02831664	0.12258438	0.238061745	12.317	18.1163	17.0691	0.34836	0.05893	0.15367	0.01442	0.0476	0.00917	19820.16054	110.869825	0.358772307	18.38061	0.331827583	2.392467256	87.3515	0	26	82.85394751	35.79206914	56.79471257	10	13	33.6032224	8	123	3	257	0	1.1405551	2359.44	0	0.0251	0.0042	-185760.5127	848443.1769	29.6608	0	1320.61	69.81403441
5030203	LITTLE KANAWHA	0.0409	13.495	76.6789	9.2777	86.4642	2.1959	0.3616	2.8834	14.66921021	0.18143789	0.032248515	10.0596	13.0203	16.1525	0.39396	0.05565	0.15353	0.01776	0.04921	0.05016	18613.95266	42.78866414	0.16208892	37.79363	0.208001475	6.289312873	86.7855	0	12.28	90.50547698	25.50404732	71.69168252	10	24	18.7064335	8	107	1	260	0	0.1753383	2332.92	0	0.0096	0.0049	-1035399.534	4918179.161	55.0462	1.23	0	71.22068107
5050001	UPPER NEW	0.1069	38.8725	60.4349	23.1672	61.0206	2.4219	0.5536	3.5867	17.81757466	0.12839701	0.051341029	6.99456	8.01688	15.1083	0.35852	0.05119	0.13354	0.0164	0.06307	0.00221	18206.69967	91.3276832	0.861112642	67.82948	0.584928129	3.993820217	83.7403	0	36.23	67.76121517	33.97988145	57.20448915	10	7	31.4825515	32	41	0	336	2	0.1943944	2594.12	0.0159	0.0501	0.0305	421461.0978	3690241.95	27.058	5.22	3223.4	64.45839044
5050002	MIDDLE NEW	0.0944	22.0195	74.9561	13.3769	77.8862	2.3565	0.4404	3.148	14.9265012	0.13593085	0.207832992	6.76293	8.26621	14.3873	0.39651	0.05523	0.16802	0.02103	0.05064	0.00624	19408.27132	67.93619523	-0.052508989	32.86912	0.119137627	3.677783729	83.3874	0	19.92	74.65103338	23.57932133	72.26580585	10	16	19.9996197	34	52	1	342	1	0.269678	2474.46	0	0.0396	0.0095	12049.0931	3614419.81	49.7789	3.98	1	70.635814
5050003	GREENBRIER	0.2153	19.43	82.9044	10.1855	80.3547	1.862	0.4264	3.0791	11.81612242	0.08869777	0.13066536	6.90471	8.94705	14.0278	0.38421	0.05278	0.1758	0.02523	0.08486	0.00853	18624.86949	25.20357917	0.07068601	4.77927	0.28786273	9.314156684	83.8349	0	17.88	73.65008651	18.90731362	78.03447692	12	20	13.2117457	20	48	0	347	3	0	2415.6	0	0.0264	0.0051	62373.8071	1903813.946	57.63	4.23	0	65.29618649
5050004	LOWER NEW	0.1678	13.3605	89.3171	4.5489	86.4717	3.5056	0.3462	2.7986	19.17847155	0.12885782	0.025547907	7.62134	9.67832	13.9924	0.41291	0.05504	0.15974	0.01808	0.01989	0.0379	19023.91596	128.3570943	0.119403545	17.70787	0.176466481	2.861484739	84.2559	0	8.37	87.1320348	25.25775617	71.45267513	10	24	4.2970624	20	63	0	279	0	0.6330233	2454.57	0.0037	0.0016	0	-41216.6067	1135132.747	55.1577	3.32	0	73.83089861
5050005	GAULEY	0.9743	8.991	88.0315	3.4459	90.0348	2.1318	0.2994	2.619	13.38602846	0.09298859	0.024613645	8.0595	10.5794	14.4261	0.41495	0.05454	0.15811	0.02239	0.04451	0.04169	17325.3041	32.06483242	-0.145728631	17.02987	0.052713517	6.564126475	84.6914	0	6.1	76.01241616	17.92090624	80.20299272	11	26	4.5855892	15	61	0	305	1	0.3223287	2370.79	0	0.0059	0.0024	-47802.7406	1953101.773	67.1818	7.71	27	66.78209087
5050006	UPPER KANAWHA	0.0359	8.5902	87.0374	1.5795	91.3739	3.9401	0.2947	2.593	14.59048097	0.24764237	0.002917947	8.91696	11.9041	15.5193	0.35567	0.05684	0.1639	0.01759	0.00942	0.02275	24079.4196	124.979592	-0.253989319	5.88666	0.048910658	1.515839424	85.884	0	2.03	89.63435128	20.52329455	77.86523595	8	27	2.5547913	13	94	3	268	0	0	2394.72	0.0005	0	0	-17456.7871	601656.0109	65.5999	22.6	15079.27	78.20862266
5050007	ELK	0.0241	5.6901	89.0984	3.1833	94.2858	2.4649	0.2944	2.6375	14.58288083	0.1702137	0.011675403	8.90685	11.8178	15.4439	0.41135	0.05645	0.15693	0.01971	0.02315	0.04499	20663.34286	39.02795138	-0.072558281	26.5376	0.023453094	6.507336298	85.8667	0	4.02	82.2098954	15.91714622	82.89498069	12	25	6.6312198	6	98	3	282	2	0.2895961	2362.73	0	0.001	0.0022	-147288.0538	2769112.571	73.588	1.84	0	72.74582369
5050008	LOWER KANAWHA	0.1043	20.4501	71.0845	9.9609	79.4456	3.9042	0.4293	3.11	19.95867319	0.19635463	0.03080594	11.6478	17.6864	17.0564	0.3213	0.05958	0.14987	0.01467	0.01856	0.01847	24797.71648	178.0022987	0.278852421	15.47472	0.291146191	1.678073436	87.3344	0	15.84	87.92553212	29.1541909	66.45154744	9	18	20.9117396	6	110	0	285	0	0	2379.53	0.0064	0.0262	0.0066	-131891.2107	1186523.058	45.1295	2.12	6764.89	66.62796378
5050009	COAL	0.0378	6.628	88.8017	2.1709	93.3342	2.474	0.2825	2.566	11.96999594	0.20117795	0.005440304	8.65389	11.1501	15.8263	0.39512	0.05926	0.14783	0.01791	0.01111	0.11495	22005.45207	67.54010324	-0.095795359	7.23681	0.030196114	2.487096414	85.4781	0	2.93	85.69291846	18.70939599	79.97428858	10	26	4.3549022	6	63	0	270	0	0.554583	2424.79	0.0026	0.0001	0	-63535.7064	1413340.665	69.5355	0.09	14282.63	70.44725335
5070101	UPPER GUYANDOTTE	0.0218	4.9191	91.2161	1.5967	95.0591	2.2875	0.2749	2.543	13.56805614	0.22842831	0.009666336	7.46121	8.90656	15.2464	0.422	0.05713	0.14202	0.01925	0.00714	0.10958	17012.59969	59.14635605	-1.127058028	16.30526	0.012461516	2.897584699	83.7354	0	1.88	84.73633831	16.93201468	82.07829628	10	30	2.0639763	3	47	0	268	0	0.4903069	2462.27	0.0011	0	0	-117346.9367	1722964.759	73.438	11.72	15109.24	67.63546141
5070102	LOWER GUYANDOTTE	0.0203	11.1608	75.2211	6.3209	88.8189	2.7698	0.3404	2.8038	17.23350831	0.26009819	0.020898809	10.0795	13.8771	16.5032	0.4134	0.05663	0.14941	0.01883	0.01543	0.02118	19934.73878	116.0421627	-0.083671341	25.68804	0.041869159	3.149168088	85.7381	0	8.75	88.925803	22.46235511	75.0759357	9	24	18.0116906	2	91	0	263	0	0	2389.5	0.0037	0.0068	0.0031	-93633.5821	1134856.004	60.5069	0.52	5	71.2396165
5070201	TUG	0.0188	4.8467	90.0011	1.8024	95.1345	2.349	0.2775	2.557	13.54325947	0.28540874	0.023342969	7.47387	8.95439	15.4486	0.4742	0.05426	0.14337	0.02719	0.00708	0.14622	16896.69896	57.24547042	-1.732080908	20.34081	0.026177605	6.203900703	83.1456	0	1.98	85.46811612	16.65756604	82.31780872	9	29	2.4785755	5	73	0	281	0	0	2455.09	0	0.0014	0	-131678.8679	1831775.748	73.8424	6.82	0	70.397224
5070202	UPPER LEVISA	0.0198	5.8011	87.4093	2.0271	94.1791	2.1158	0.2739	2.5302	16.38918135	0.30381662	0.029860095	7.13154	9.13552	15.8713	0.41331	0.05158	0.13031	0.02005	0.01885	0.1506	17971.8177	57.63721879	-0.871363674	17.60206	0.07251577	5.729229572	83.0188	0	2.54	90.98618198	21.94601912	76.98985411	9	32	3.6627537	13	48	0	259	1	0.4901308	2462.08	0	0.0014	0	-226758.5788	1285796.876	66.4804	8.2	0	64.86284931
5070204	BIG SANDY	0.0419	20.9228	62.9256	12.7741	79.0353	2.9514	0.3992	3.0462	17.10942577	0.17621693	0.020785826	10.2543	13.4709	16.003	0.42103	0.05764	0.14953	0.02251	0.0225	0.05498	15110	81.47698639	0.293926947	0.8228	0.059900226	4.845853141	84.9528	0	18.15	90.33080447	34.5608158	59.97462929	9	22	31.5386968	2	102	0	252	0	0	2375.6	0	0	0	-9368.1092	54419.9192	38.6443	0	2390	67.37842449
5090101	RACCOON-SYMMES	0.2819	28.2466	64.715	11.2832	71.4715	5.1812	0.5034	3.3587	22.1938792	0.13043739	0.234102726	12.0194	16.447	17.2221	0.39934	0.05533	0.15765	0.01782	0.01798	0.00818	20618.60861	268.6819462	0.082337539	8.76466	0.065545017	1.735668062	86.9528	0	20.5	89.26504178	37.56035613	55.96453222	9	31	27.6989076	5	130	2	273	0	1.8648206	2375.6	0.0043	0.0529	0.0096	-40823.9367	282329.9027	30.756	2.35	25	75.30147507
5090102	TWELVEPOLE	0.022	8.3221	80.7318	5.3513	91.6559	2.1175	0.3081	2.6959	15.67518282	0.23835109	0.019627652	9.68303	12.7831	16.2469	0.42188	0.0575	0.14819	0.02218	0.01993	0.05884	15929.91076	62.68263226	0.113450473	4.77196	0.045588478	5.510055338	84.9772	0	6.89	87.62169608	21.41349152	76.63210319	9	25	13.9383552	3	92	0	273	0	2.2643736	2394.55	0.0005	0.0011	0.0005	-58130.4186	418217.3517	64.1784	0.95	0	68.60945593
6010101	NORTH FORK HOLSTON	0.1142	18.3124	80.2038	13.2438	81.5734	1.996	0.3861	2.9956	12.0361959	0.16806763	0.16519975	6.81878	9.15846	15.8129	0.38456	0.05184	0.16674	0.02605	0.10951	0.00542	18713.1777	46.8440682	0.358232732	5.48671	0.144718247	7.553218753	84.2228	0	17.55	74.36244133	24.42199318	71.45751928	9	13	15.8607772	17	99	9	312	1	0	2584.9	0.015	0.0587	0.024	-100467.8707	920655.3771	52.0732	17.44	0	64.60828986
6010102	SOUTH FORK HOLSTON	0.1298	34.1408	64.5099	15.9992	65.7294	3.9079	0.5005	3.4095	18.76788062	0.17824983	0.083844258	6.87343	9.40114	15.7152	0.35374	0.05205	0.16543	0.02184	0.06695	0.00178	20479.47058	134.2733368	0.522157842	30.38899	0.443053203	2.412336861	83.6662	0	29.2	60.18845538	28.70300489	60.24752039	9	19	26.0031099	16	74	3	295	0	0	2603.22	0.0153	0.0813	0.0292	-53032.4076	836787.3131	34.9236	11.01	8	69.53056809
6010205	UPPER CLINCH	0.1129	20.7386	75.5094	14.1848	79.1486	2.34	0.3959	3.0058	16.6522106	0.22090001	0.08947929	7.01982	9.03122	15.9844	0.42123	0.05384	0.14815	0.02226	0.08465	0.05084	17743.42316	70.23463669	0.102918153	14.43541	0.172583049	6.935384484	84.373	0	18.03	81.31240132	29.53754832	65.59141542	9	25	16.1826671	19	133	16	313	1	0	2552.3	0.0134	0.0323	0.0101	-272700.7871	1415452.535	44.7522	5.67	0.1	67.49350548
6010206	POWELL	0.0984	19.6995	80.2334	10.7221	80.2021	2.2897	0.3829	2.9582	16.13069431	0.17090296	0.119451744	7.53874	8.23559	16.5053	0.4762	0.05774	0.14883	0.02796	0.1041	0.07236	16986.22905	67.75342025	-0.18606241	10.45055	0.391884599	6.994913072	85.3192	0	16.86	75.61086549	27.04451477	68.16342759	9	32	12.3239147	10	116	13	269	1	0	2589.04	0.0144	0.046	0.0144	-35219.0252	345192.2666	48.3935	15.99	0	66.41838495
          																																																				
